<?xml version="1.0" encoding="UTF-8"?><?xml-stylesheet type='text/xsl' href='_UpgradeReport_Files/UpgradeReport.xslt'?><UpgradeLog>
<Properties><Property Name="Solution" Value="DotNetNuke.Wiki_vs2008">
</Property><Property Name="Solution File" Value="C:\websites\dnndev\DesktopModules\Wiki\DotNetNuke.Wiki_vs2008.sln">
</Property><Property Name="User Options File" Value="C:\websites\dnndev\DesktopModules\Wiki\DotNetNuke.Wiki_vs2008.suo">
</Property><Property Name="Date" Value="Friday, April 15, 2011">
</Property><Property Name="Time" Value="15:01 PM">
</Property></Properties><Event ErrorLevel="0" Project="" Source="DotNetNuke.Wiki_vs2008.sln" Description="File successfully backed up as C:\websites\dnndev\DesktopModules\Wiki\Backup\DotNetNuke.Wiki_vs2008.sln">
</Event><Event ErrorLevel="0" Project="" Source="DotNetNuke.Wiki_vs2008.suo" Description="File successfully backed up as C:\websites\dnndev\DesktopModules\Wiki\Backup\DotNetNuke.Wiki_vs2008.suo">
</Event><Event ErrorLevel="0" Project="DotNetNuke.Wiki" Source="DotNetNuke.Wiki.vbproj" Description="Project file successfully backed up as C:\websites\dnndev\DesktopModules\Wiki\Backup\DotNetNuke.Wiki.vbproj">
</Event><Event ErrorLevel="0" Project="DotNetNuke.Wiki" Source="DotNetNuke.Wiki.vbproj.user" Description="Project user file successfully backed up as C:\websites\dnndev\DesktopModules\Wiki\Backup\DotNetNuke.Wiki.vbproj.user">
</Event><Event ErrorLevel="0" Project="DotNetNuke.Wiki" Source="Administration.ascx.designer.vb" Description="File successfully backed up as C:\websites\dnndev\DesktopModules\Wiki\Backup\Administration.ascx.designer.vb">
</Event><Event ErrorLevel="0" Project="DotNetNuke.Wiki" Source="Administration.ascx.vb" Description="File successfully backed up as C:\websites\dnndev\DesktopModules\Wiki\Backup\Administration.ascx.vb">
</Event><Event ErrorLevel="0" Project="DotNetNuke.Wiki" Source="AssemblyInfo.vb" Description="File successfully backed up as C:\websites\dnndev\DesktopModules\Wiki\Backup\AssemblyInfo.vb">
</Event><Event ErrorLevel="0" Project="DotNetNuke.Wiki" Source="Components\AddCommentsForm.vb" Description="File successfully backed up as C:\websites\dnndev\DesktopModules\Wiki\Backup\Components\AddCommentsForm.vb">
</Event><Event ErrorLevel="0" Project="DotNetNuke.Wiki" Source="Components\CommentCount.vb" Description="File successfully backed up as C:\websites\dnndev\DesktopModules\Wiki\Backup\Components\CommentCount.vb">
</Event><Event ErrorLevel="0" Project="DotNetNuke.Wiki" Source="Components\Comments.vb" Description="File successfully backed up as C:\websites\dnndev\DesktopModules\Wiki\Backup\Components\Comments.vb">
</Event><Event ErrorLevel="0" Project="DotNetNuke.Wiki" Source="Components\Controller.vb" Description="File successfully backed up as C:\websites\dnndev\DesktopModules\Wiki\Backup\Components\Controller.vb">
</Event><Event ErrorLevel="0" Project="DotNetNuke.Wiki" Source="Components\CommentsController.vb" Description="File successfully backed up as C:\websites\dnndev\DesktopModules\Wiki\Backup\Components\CommentsController.vb">
</Event><Event ErrorLevel="0" Project="DotNetNuke.Wiki" Source="Components\SettingsInfo.vb" Description="File successfully backed up as C:\websites\dnndev\DesktopModules\Wiki\Backup\Components\SettingsInfo.vb">
</Event><Event ErrorLevel="0" Project="DotNetNuke.Wiki" Source="Components\TopicHistoryInfo.vb" Description="File successfully backed up as C:\websites\dnndev\DesktopModules\Wiki\Backup\Components\TopicHistoryInfo.vb">
</Event><Event ErrorLevel="0" Project="DotNetNuke.Wiki" Source="Components\TopicInfo.vb" Description="File successfully backed up as C:\websites\dnndev\DesktopModules\Wiki\Backup\Components\TopicInfo.vb">
</Event><Event ErrorLevel="0" Project="DotNetNuke.Wiki" Source="Components\TopicController.vb" Description="File successfully backed up as C:\websites\dnndev\DesktopModules\Wiki\Backup\Components\TopicController.vb">
</Event><Event ErrorLevel="0" Project="DotNetNuke.Wiki" Source="Components\SettingsController.vb" Description="File successfully backed up as C:\websites\dnndev\DesktopModules\Wiki\Backup\Components\SettingsController.vb">
</Event><Event ErrorLevel="0" Project="DotNetNuke.Wiki" Source="Components\TopicHistoryController.vb" Description="File successfully backed up as C:\websites\dnndev\DesktopModules\Wiki\Backup\Components\TopicHistoryController.vb">
</Event><Event ErrorLevel="0" Project="DotNetNuke.Wiki" Source="Controls\Index.ascx.designer.vb" Description="File successfully backed up as C:\websites\dnndev\DesktopModules\Wiki\Backup\Controls\Index.ascx.designer.vb">
</Event><Event ErrorLevel="0" Project="DotNetNuke.Wiki" Source="Controls\Index.ascx.vb" Description="File successfully backed up as C:\websites\dnndev\DesktopModules\Wiki\Backup\Controls\Index.ascx.vb">
</Event><Event ErrorLevel="0" Project="DotNetNuke.Wiki" Source="Controls\WikiMenu.ascx.designer.vb" Description="File successfully backed up as C:\websites\dnndev\DesktopModules\Wiki\Backup\Controls\WikiMenu.ascx.designer.vb">
</Event><Event ErrorLevel="0" Project="DotNetNuke.Wiki" Source="Controls\WikiMenu.ascx.vb" Description="File successfully backed up as C:\websites\dnndev\DesktopModules\Wiki\Backup\Controls\WikiMenu.ascx.vb">
</Event><Event ErrorLevel="0" Project="DotNetNuke.Wiki" Source="Edit.ascx.designer.vb" Description="File successfully backed up as C:\websites\dnndev\DesktopModules\Wiki\Backup\Edit.ascx.designer.vb">
</Event><Event ErrorLevel="0" Project="DotNetNuke.Wiki" Source="Edit.ascx.vb" Description="File successfully backed up as C:\websites\dnndev\DesktopModules\Wiki\Backup\Edit.ascx.vb">
</Event><Event ErrorLevel="0" Project="DotNetNuke.Wiki" Source="Data\DataProvider.vb" Description="File successfully backed up as C:\websites\dnndev\DesktopModules\Wiki\Backup\Data\DataProvider.vb">
</Event><Event ErrorLevel="0" Project="DotNetNuke.Wiki" Source="PageRatings.ascx.designer.vb" Description="File successfully backed up as C:\websites\dnndev\DesktopModules\Wiki\Backup\PageRatings.ascx.designer.vb">
</Event><Event ErrorLevel="0" Project="DotNetNuke.Wiki" Source="PageRatings.ascx.vb" Description="File successfully backed up as C:\websites\dnndev\DesktopModules\Wiki\Backup\PageRatings.ascx.vb">
</Event><Event ErrorLevel="0" Project="DotNetNuke.Wiki" Source="Providers\DataProviders\SqlDataProvider\SqlDataProvider.vb" Description="File successfully backed up as C:\websites\dnndev\DesktopModules\Wiki\Backup\Providers\DataProviders\SqlDataProvider\SqlDataProvider.vb">
</Event><Event ErrorLevel="0" Project="DotNetNuke.Wiki" Source="Ratings.ascx.designer.vb" Description="File successfully backed up as C:\websites\dnndev\DesktopModules\Wiki\Backup\Ratings.ascx.designer.vb">
</Event><Event ErrorLevel="0" Project="DotNetNuke.Wiki" Source="Ratings.ascx.vb" Description="File successfully backed up as C:\websites\dnndev\DesktopModules\Wiki\Backup\Ratings.ascx.vb">
</Event><Event ErrorLevel="0" Project="DotNetNuke.Wiki" Source="RecentChanges.ascx.designer.vb" Description="File successfully backed up as C:\websites\dnndev\DesktopModules\Wiki\Backup\RecentChanges.ascx.designer.vb">
</Event><Event ErrorLevel="0" Project="DotNetNuke.Wiki" Source="RecentChanges.ascx.vb" Description="File successfully backed up as C:\websites\dnndev\DesktopModules\Wiki\Backup\RecentChanges.ascx.vb">
</Event><Event ErrorLevel="0" Project="DotNetNuke.Wiki" Source="Router.ascx.designer.vb" Description="File successfully backed up as C:\websites\dnndev\DesktopModules\Wiki\Backup\Router.ascx.designer.vb">
</Event><Event ErrorLevel="0" Project="DotNetNuke.Wiki" Source="Router.ascx.vb" Description="File successfully backed up as C:\websites\dnndev\DesktopModules\Wiki\Backup\Router.ascx.vb">
</Event><Event ErrorLevel="0" Project="DotNetNuke.Wiki" Source="Search.ascx.designer.vb" Description="File successfully backed up as C:\websites\dnndev\DesktopModules\Wiki\Backup\Search.ascx.designer.vb">
</Event><Event ErrorLevel="0" Project="DotNetNuke.Wiki" Source="Search.ascx.vb" Description="File successfully backed up as C:\websites\dnndev\DesktopModules\Wiki\Backup\Search.ascx.vb">
</Event><Event ErrorLevel="0" Project="DotNetNuke.Wiki" Source="Start.ascx.designer.vb" Description="File successfully backed up as C:\websites\dnndev\DesktopModules\Wiki\Backup\Start.ascx.designer.vb">
</Event><Event ErrorLevel="0" Project="DotNetNuke.Wiki" Source="Start.ascx.vb" Description="File successfully backed up as C:\websites\dnndev\DesktopModules\Wiki\Backup\Start.ascx.vb">
</Event><Event ErrorLevel="0" Project="DotNetNuke.Wiki" Source="TopicHistory.ascx.designer.vb" Description="File successfully backed up as C:\websites\dnndev\DesktopModules\Wiki\Backup\TopicHistory.ascx.designer.vb">
</Event><Event ErrorLevel="0" Project="DotNetNuke.Wiki" Source="TopicHistory.ascx.vb" Description="File successfully backed up as C:\websites\dnndev\DesktopModules\Wiki\Backup\TopicHistory.ascx.vb">
</Event><Event ErrorLevel="0" Project="DotNetNuke.Wiki" Source="Util\Utilities.vb" Description="File successfully backed up as C:\websites\dnndev\DesktopModules\Wiki\Backup\Util\Utilities.vb">
</Event><Event ErrorLevel="0" Project="DotNetNuke.Wiki" Source="WikiControlBase.vb" Description="File successfully backed up as C:\websites\dnndev\DesktopModules\Wiki\Backup\WikiControlBase.vb">
</Event><Event ErrorLevel="0" Project="DotNetNuke.Wiki" Source="WWWikiDB.vb" Description="File successfully backed up as C:\websites\dnndev\DesktopModules\Wiki\Backup\WWWikiDB.vb">
</Event><Event ErrorLevel="0" Project="DotNetNuke.Wiki" Source="Providers\DataProviders\SqlDataProvider\01.00.00.SqlDataProvider" Description="File successfully backed up as C:\websites\dnndev\DesktopModules\Wiki\Backup\Providers\DataProviders\SqlDataProvider\01.00.00.SqlDataProvider">
</Event><Event ErrorLevel="0" Project="DotNetNuke.Wiki" Source="Providers\DataProviders\SqlDataProvider\01.00.01.sqldataprovider" Description="File successfully backed up as C:\websites\dnndev\DesktopModules\Wiki\Backup\Providers\DataProviders\SqlDataProvider\01.00.01.sqldataprovider">
</Event><Event ErrorLevel="0" Project="DotNetNuke.Wiki" Source="Providers\DataProviders\SqlDataProvider\01.00.02.SqlDataProvider" Description="File successfully backed up as C:\websites\dnndev\DesktopModules\Wiki\Backup\Providers\DataProviders\SqlDataProvider\01.00.02.SqlDataProvider">
</Event><Event ErrorLevel="0" Project="DotNetNuke.Wiki" Source="Providers\DataProviders\SqlDataProvider\01.00.03.SqlDataProvider" Description="File successfully backed up as C:\websites\dnndev\DesktopModules\Wiki\Backup\Providers\DataProviders\SqlDataProvider\01.00.03.SqlDataProvider">
</Event><Event ErrorLevel="0" Project="DotNetNuke.Wiki" Source="Providers\DataProviders\SqlDataProvider\01.00.04.SqlDataProvider" Description="File successfully backed up as C:\websites\dnndev\DesktopModules\Wiki\Backup\Providers\DataProviders\SqlDataProvider\01.00.04.SqlDataProvider">
</Event><Event ErrorLevel="0" Project="DotNetNuke.Wiki" Source="Providers\DataProviders\SqlDataProvider\04.00.02.SqlDataProvider" Description="File successfully backed up as C:\websites\dnndev\DesktopModules\Wiki\Backup\Providers\DataProviders\SqlDataProvider\04.00.02.SqlDataProvider">
</Event><Event ErrorLevel="0" Project="DotNetNuke.Wiki" Source="Providers\DataProviders\SqlDataProvider\04.01.00.SqlDataProvider" Description="File successfully backed up as C:\websites\dnndev\DesktopModules\Wiki\Backup\Providers\DataProviders\SqlDataProvider\04.01.00.SqlDataProvider">
</Event><Event ErrorLevel="0" Project="DotNetNuke.Wiki" Source="Providers\DataProviders\SqlDataProvider\04.02.00.SqlDataProvider" Description="File successfully backed up as C:\websites\dnndev\DesktopModules\Wiki\Backup\Providers\DataProviders\SqlDataProvider\04.02.00.SqlDataProvider">
</Event><Event ErrorLevel="0" Project="DotNetNuke.Wiki" Source="Providers\DataProviders\SqlDataProvider\04.02.01.SqlDataProvider" Description="File successfully backed up as C:\websites\dnndev\DesktopModules\Wiki\Backup\Providers\DataProviders\SqlDataProvider\04.02.01.SqlDataProvider">
</Event><Event ErrorLevel="0" Project="DotNetNuke.Wiki" Source="Providers\DataProviders\SqlDataProvider\Uninstall.SqlDataProvider" Description="File successfully backed up as C:\websites\dnndev\DesktopModules\Wiki\Backup\Providers\DataProviders\SqlDataProvider\Uninstall.SqlDataProvider">
</Event><Event ErrorLevel="0" Project="DotNetNuke.Wiki" Source="wiki.dnn" Description="File successfully backed up as C:\websites\dnndev\DesktopModules\Wiki\Backup\wiki.dnn">
</Event><Event ErrorLevel="0" Project="DotNetNuke.Wiki" Source="BuildScripts\ModulePackage.targets" Description="File successfully backed up as C:\websites\dnndev\DesktopModules\Wiki\Backup\BuildScripts\ModulePackage.targets">
</Event><Event ErrorLevel="0" Project="DotNetNuke.Wiki" Source="BuildScripts\MSBuild.Community.Tasks.Targets" Description="File successfully backed up as C:\websites\dnndev\DesktopModules\Wiki\Backup\BuildScripts\MSBuild.Community.Tasks.Targets">
</Event><Event ErrorLevel="0" Project="DotNetNuke.Wiki" Source="Administration.ascx" Description="File successfully backed up as C:\websites\dnndev\DesktopModules\Wiki\Backup\Administration.ascx">
</Event><Event ErrorLevel="0" Project="DotNetNuke.Wiki" Source="images\bcImage.gif" Description="File successfully backed up as C:\websites\dnndev\DesktopModules\Wiki\Backup\images\bcImage.gif">
</Event><Event ErrorLevel="0" Project="DotNetNuke.Wiki" Source="images\HideNav.gif" Description="File successfully backed up as C:\websites\dnndev\DesktopModules\Wiki\Backup\images\HideNav.gif">
</Event><Event ErrorLevel="0" Project="DotNetNuke.Wiki" Source="images\Home.gif" Description="File successfully backed up as C:\websites\dnndev\DesktopModules\Wiki\Backup\images\Home.gif">
</Event><Event ErrorLevel="0" Project="DotNetNuke.Wiki" Source="images\Index.gif" Description="File successfully backed up as C:\websites\dnndev\DesktopModules\Wiki\Backup\images\Index.gif">
</Event><Event ErrorLevel="0" Project="DotNetNuke.Wiki" Source="images\page.gif" Description="File successfully backed up as C:\websites\dnndev\DesktopModules\Wiki\Backup\images\page.gif">
</Event><Event ErrorLevel="0" Project="DotNetNuke.Wiki" Source="PageRatings.ascx" Description="File successfully backed up as C:\websites\dnndev\DesktopModules\Wiki\Backup\PageRatings.ascx">
</Event><Event ErrorLevel="0" Project="DotNetNuke.Wiki" Source="Providers\DataProviders\SqlDataProvider\FullInstallSQL.txt" Description="File successfully backed up as C:\websites\dnndev\DesktopModules\Wiki\Backup\Providers\DataProviders\SqlDataProvider\FullInstallSQL.txt">
</Event><Event ErrorLevel="0" Project="DotNetNuke.Wiki" Source="RatingBar.aspx" Description="File successfully backed up as C:\websites\dnndev\DesktopModules\Wiki\Backup\RatingBar.aspx">
</Event><Event ErrorLevel="0" Project="DotNetNuke.Wiki" Source="Ratings.ascx" Description="File successfully backed up as C:\websites\dnndev\DesktopModules\Wiki\Backup\Ratings.ascx">
</Event><Event ErrorLevel="0" Project="DotNetNuke.Wiki" Source="RecentChanges.ascx" Description="File successfully backed up as C:\websites\dnndev\DesktopModules\Wiki\Backup\RecentChanges.ascx">
</Event><Event ErrorLevel="0" Project="DotNetNuke.Wiki" Source="images\RecentChanges.gif" Description="File successfully backed up as C:\websites\dnndev\DesktopModules\Wiki\Backup\images\RecentChanges.gif">
</Event><Event ErrorLevel="0" Project="DotNetNuke.Wiki" Source="Router.ascx" Description="File successfully backed up as C:\websites\dnndev\DesktopModules\Wiki\Backup\Router.ascx">
</Event><Event ErrorLevel="0" Project="DotNetNuke.Wiki" Source="Search.ascx" Description="File successfully backed up as C:\websites\dnndev\DesktopModules\Wiki\Backup\Search.ascx">
</Event><Event ErrorLevel="0" Project="DotNetNuke.Wiki" Source="images\Search.gif" Description="File successfully backed up as C:\websites\dnndev\DesktopModules\Wiki\Backup\images\Search.gif">
</Event><Event ErrorLevel="0" Project="DotNetNuke.Wiki" Source="images\ShowNav.gif" Description="File successfully backed up as C:\websites\dnndev\DesktopModules\Wiki\Backup\images\ShowNav.gif">
</Event><Event ErrorLevel="0" Project="DotNetNuke.Wiki" Source="Start.ascx" Description="File successfully backed up as C:\websites\dnndev\DesktopModules\Wiki\Backup\Start.ascx">
</Event><Event ErrorLevel="0" Project="DotNetNuke.Wiki" Source="module.css" Description="File successfully backed up as C:\websites\dnndev\DesktopModules\Wiki\Backup\module.css">
</Event><Event ErrorLevel="0" Project="DotNetNuke.Wiki" Source="TopicHistory.ascx" Description="File successfully backed up as C:\websites\dnndev\DesktopModules\Wiki\Backup\TopicHistory.ascx">
</Event><Event ErrorLevel="0" Project="DotNetNuke.Wiki" Source="App_LocalResources\Router.ascx.resx" Description="File successfully backed up as C:\websites\dnndev\DesktopModules\Wiki\Backup\App_LocalResources\Router.ascx.resx">
</Event><Event ErrorLevel="0" Project="DotNetNuke.Wiki" Source="App_LocalResources\Administration.ascx.resx" Description="File successfully backed up as C:\websites\dnndev\DesktopModules\Wiki\Backup\App_LocalResources\Administration.ascx.resx">
</Event><Event ErrorLevel="0" Project="DotNetNuke.Wiki" Source="App_LocalResources\SharedResources.resx" Description="File successfully backed up as C:\websites\dnndev\DesktopModules\Wiki\Backup\App_LocalResources\SharedResources.resx">
</Event><Event ErrorLevel="0" Project="DotNetNuke.Wiki" Source="04.03.00.txt" Description="File successfully backed up as C:\websites\dnndev\DesktopModules\Wiki\Backup\04.03.00.txt">
</Event><Event ErrorLevel="0" Project="DotNetNuke.Wiki" Source="Controls\WikiMenu.ascx" Description="File successfully backed up as C:\websites\dnndev\DesktopModules\Wiki\Backup\Controls\WikiMenu.ascx">
</Event><Event ErrorLevel="0" Project="DotNetNuke.Wiki" Source="Edit.ascx" Description="File successfully backed up as C:\websites\dnndev\DesktopModules\Wiki\Backup\Edit.ascx">
</Event><Event ErrorLevel="0" Project="DotNetNuke.Wiki" Source="Controls\App_LocalResources\WikiMenu.ascx.resx" Description="File successfully backed up as C:\websites\dnndev\DesktopModules\Wiki\Backup\Controls\App_LocalResources\WikiMenu.ascx.resx">
</Event><Event ErrorLevel="0" Project="DotNetNuke.Wiki" Source="App_LocalResources\edit.ascx.resx" Description="File successfully backed up as C:\websites\dnndev\DesktopModules\Wiki\Backup\App_LocalResources\edit.ascx.resx">
</Event><Event ErrorLevel="0" Project="DotNetNuke.Wiki" Source="Controls\Index.ascx" Description="File successfully backed up as C:\websites\dnndev\DesktopModules\Wiki\Backup\Controls\Index.ascx">
</Event><Event ErrorLevel="0" Project="DotNetNuke.Wiki" Source="Controls\App_LocalResources\Index.ascx.resx" Description="File successfully backed up as C:\websites\dnndev\DesktopModules\Wiki\Backup\Controls\App_LocalResources\Index.ascx.resx">
</Event><Event ErrorLevel="0" Project="DotNetNuke.Wiki" Source="License.txt" Description="File successfully backed up as C:\websites\dnndev\DesktopModules\Wiki\Backup\License.txt">
</Event><Event ErrorLevel="0" Project="DotNetNuke.Wiki" Source="ReleaseNotes.txt" Description="File successfully backed up as C:\websites\dnndev\DesktopModules\Wiki\Backup\ReleaseNotes.txt">
</Event><Event ErrorLevel="1" Project="DotNetNuke.Wiki" Source="DotNetNuke.Wiki.vbproj" Description="Your project is targeting .NET Framework 2.0 or 3.0. If your project uses assemblies requiring a newer .NET Framework, your project will fail to build. You can change the .NET Framework version by clicking Properties on the project menu and then selecting a new version in the '.NET Framework' dropdown box. (In Visual Basic, this is located on the Compile tab by clicking the 'Advanced Compiler Options...' button.)">
</Event><Event ErrorLevel="0" Project="DotNetNuke.Wiki" Source="DotNetNuke.Wiki.vbproj" Description="Project converted successfully">
</Event><Event ErrorLevel="3" Project="DotNetNuke.Wiki" Source="DotNetNuke.Wiki.vbproj" Description="Converted">
</Event><Event ErrorLevel="0" Project="" Source="DotNetNuke.Wiki_vs2008.sln" Description="Solution converted successfully">
</Event><Event ErrorLevel="3" Project="" Source="DotNetNuke.Wiki_vs2008.sln" Description="Converted">
</Event><Event ErrorLevel="0" Project="DotNetNuke.Wiki" Source="DotNetNuke.Wiki.vbproj" Description="Scan complete: Upgrade not required for project files.">
</Event></UpgradeLog>